0,1,2,3,4,5,6,7,8,9,10,11,12
"e 弥 ˇ 命 ˇ 仪 , 币 仁",,诱 谚 | 转 梭 证,怡 ‖ 功 轻 |,,,,卜,L,,L,,对 应 国 外 产
广 闯 不 =,,,,,,乜 / 万 D L,,,,,,品 型 号
,,,,,,,,,,,,
,,司 | 万 116,,,,- 口,一 自 一,I 自 月,,"lc[ ) 白

28|",,DJLDR0D0B
"D 八 JOJI
52AD0816|

2ADO832MI
5AD7820MI
52AD7829|","H
MD
MH
JHMH
VI","16 | 不 116
32 | 一 11(
1 一 1.6
8 2 M",,,,"0~5
0~5D
0~5
C",,,~U.15,"一 0.5 D40OI
~1.0 |
~1.0 D20U:
~ 0.75| ˇ LC28|",,
,,,伟,,,,,~ |,,~1.U | C28|,,1TLL2578
SAD1,ID、,"人

1",一 户 ] 一,,,"0~10U,
U~20U,",as 史 / 业 ],l 1 0,se 商 一,( ),,狂 门 16 74
,INILJ,"人

54(",,,,"一 口 一 口 ,
-10~1

 

~0.2~ D",,,,~2.0 |UPF4528,,
,,,,,16 f,,,,,,,
CSA 门 76EbPB |,,,、 |,,,"~~0D,",E 连 ],i 古 (),,"- 口 )

一 FPf",,状 76b6- |
,,人,,,,"一 TU 一 1

 

~",,- 一 山 |,,- 女 自 | | ()FPF,,夸 [ 17
